{"mean":{"confidence_interval":{"confidence_level":0.95,"lower_bound":309238818.86325,"upper_bound":312712496.695},"point_estimate":310945783.07,"standard_error":888816.0249999982},"median":{"confidence_interval":{"confidence_level":0.95,"lower_bound":306294846.0,"upper_bound":311535312.5},"point_estimate":308199554.5,"standard_error":1270804.599602177},"median_abs_dev":{"confidence_interval":{"confidence_level":0.95,"lower_bound":7278468.746781349,"upper_bound":12398724.866178632},"point_estimate":9439355.243217945,"standard_error":1242626.5284346028},"slope":null,"std_dev":{"confidence_interval":{"confidence_level":0.95,"lower_bound":7881132.432243504,"upper_bound":9820715.636562439},"point_estimate":8945797.725361614,"standard_error":495028.1000065768}}