{"mean":{"confidence_interval":{"confidence_level":0.95,"lower_bound":790273594.569,"upper_bound":797529498.12475},"point_estimate":793682746.94,"standard_error":1853902.6940800238},"median":{"confidence_interval":{"confidence_level":0.95,"lower_bound":785272546.0,"upper_bound":786759532.0},"point_estimate":785839325.5,"standard_error":382218.8787144766},"median_abs_dev":{"confidence_interval":{"confidence_level":0.95,"lower_bound":1202852.632445097,"upper_bound":3309514.517444372},"point_estimate":1926365.8674001694,"standard_error":553559.5877661873},"slope":null,"std_dev":{"confidence_interval":{"confidence_level":0.95,"lower_bound":12760887.760388352,"upper_bound":23374066.967474278},"point_estimate":18631059.397168063,"standard_error":2707820.532773785}}