{"mean":{"confidence_interval":{"confidence_level":0.95,"lower_bound":485701427.61775,"upper_bound":494590045.2195},"point_estimate":490074950.57,"standard_error":2269244.7381210877},"median":{"confidence_interval":{"confidence_level":0.95,"lower_bound":478927702.0,"upper_bound":486761065.0},"point_estimate":482213955.0,"standard_error":2158387.9471816644},"median_abs_dev":{"confidence_interval":{"confidence_level":0.95,"lower_bound":9261412.612154564,"upper_bound":22834691.96600318},"point_estimate":14305506.329226494,"standard_error":3541774.890560935},"slope":null,"std_dev":{"confidence_interval":{"confidence_level":0.95,"lower_bound":19664629.274408862,"upper_bound":25333991.582837816},"point_estimate":22758375.913035125,"standard_error":1448259.8034334274}}