{"mean":{"confidence_interval":{"confidence_level":0.95,"lower_bound":244658645.627,"upper_bound":249331842.59475002},"point_estimate":247003843.06,"standard_error":1189005.6315563559},"median":{"confidence_interval":{"confidence_level":0.95,"lower_bound":246198915.0,"upper_bound":248890685.0},"point_estimate":247460466.5,"standard_error":590096.7928068587},"median_abs_dev":{"confidence_interval":{"confidence_level":0.95,"lower_bound":3429263.376018405,"upper_bound":6342152.748504281},"point_estimate":4091550.4211604595,"standard_error":768519.2259732905},"slope":null,"std_dev":{"confidence_interval":{"confidence_level":0.95,"lower_bound":9495308.937588569,"upper_bound":14050398.601927543},"point_estimate":11924182.480553722,"standard_error":1164647.6636219488}}