{"mean":{"confidence_interval":{"confidence_level":0.95,"lower_bound":226064578.45874998,"upper_bound":226412476.41225},"point_estimate":226235745.95,"standard_error":88585.398470184},"median":{"confidence_interval":{"confidence_level":0.95,"lower_bound":226016848.0,"upper_bound":226243429.5},"point_estimate":226106988.5,"standard_error":55635.31108149602},"median_abs_dev":{"confidence_interval":{"confidence_level":0.95,"lower_bound":407955.9152573347,"upper_bound":711259.5461726189},"point_estimate":528959.0534090996,"standard_error":81420.107034438},"slope":null,"std_dev":{"confidence_interval":{"confidence_level":0.95,"lower_bound":718860.5093259356,"upper_bound":1038934.6940421003},"point_estimate":888088.4203526085,"standard_error":81838.32086662146}}