{"mean":{"confidence_interval":{"confidence_level":0.95,"lower_bound":288054409.049,"upper_bound":290650050.63075},"point_estimate":289332823.95,"standard_error":663198.7755980644},"median":{"confidence_interval":{"confidence_level":0.95,"lower_bound":287662041.0,"upper_bound":291103595.0},"point_estimate":289275346.0,"standard_error":1021990.1298735675},"median_abs_dev":{"confidence_interval":{"confidence_level":0.95,"lower_bound":5116972.901755571,"upper_bound":8873011.690172553},"point_estimate":6770386.924901605,"standard_error":990723.9546328203},"slope":null,"std_dev":{"confidence_interval":{"confidence_level":0.95,"lower_bound":5612614.952485634,"upper_bound":7671453.887917268},"point_estimate":6638466.870884796,"standard_error":529824.1647353307}}