{"mean":{"confidence_interval":{"confidence_level":0.95,"lower_bound":355777410.17225003,"upper_bound":361291198.66225004},"point_estimate":358466467.05,"standard_error":1411862.7635829824},"median":{"confidence_interval":{"confidence_level":0.95,"lower_bound":348238551.5,"upper_bound":352739424.0},"point_estimate":349774950.0,"standard_error":1289992.9151068658},"median_abs_dev":{"confidence_interval":{"confidence_level":0.95,"lower_bound":1712763.241392374,"upper_bound":8298074.98767972},"point_estimate":3861471.661645174,"standard_error":1877873.263696317},"slope":null,"std_dev":{"confidence_interval":{"confidence_level":0.95,"lower_bound":12594651.410395997,"upper_bound":15277448.33086546},"point_estimate":14171398.39857938,"standard_error":689546.3112522581}}