{"mean":{"confidence_interval":{"confidence_level":0.95,"lower_bound":258798659.06599998,"upper_bound":261158483.33975},"point_estimate":259938883.96,"standard_error":601510.6931853109},"median":{"confidence_interval":{"confidence_level":0.95,"lower_bound":258085514.0,"upper_bound":260164411.0},"point_estimate":259153647.5,"standard_error":454498.06149591797},"median_abs_dev":{"confidence_interval":{"confidence_level":0.95,"lower_bound":2601183.8475197554,"upper_bound":5126973.77987802},"point_estimate":4175585.6702685356,"standard_error":633826.4591308297},"slope":null,"std_dev":{"confidence_interval":{"confidence_level":0.95,"lower_bound":4694853.392913756,"upper_bound":7303670.630282549},"point_estimate":6046158.10721996,"standard_error":669254.7799056628}}