{"mean":{"confidence_interval":{"confidence_level":0.95,"lower_bound":147197332.392875,"upper_bound":147770464.80400002},"point_estimate":147468122.115,"standard_error":146629.72377678723},"median":{"confidence_interval":{"confidence_level":0.95,"lower_bound":146871531.0,"upper_bound":147206494.25},"point_estimate":147048442.25,"standard_error":97172.90028207355},"median_abs_dev":{"confidence_interval":{"confidence_level":0.95,"lower_bound":655404.0747642517,"upper_bound":1118355.2291264758},"point_estimate":883964.6519064903,"standard_error":118134.86917111365},"slope":null,"std_dev":{"confidence_interval":{"confidence_level":0.95,"lower_bound":1042512.7844556693,"upper_bound":1867826.3818883586},"point_estimate":1478058.6239472993,"standard_error":211075.25480746754}}