{"mean":{"confidence_interval":{"confidence_level":0.95,"lower_bound":172028139.54362503,"upper_bound":172535097.494},"point_estimate":172269568.21,"standard_error":129292.42887982413},"median":{"confidence_interval":{"confidence_level":0.95,"lower_bound":171580634.5,"upper_bound":171736126.75},"point_estimate":171606398.0,"standard_error":41528.56403222008},"median_abs_dev":{"confidence_interval":{"confidence_level":0.95,"lower_bound":121490.5428931117,"upper_bound":339801.90641731024},"point_estimate":175380.45738637447,"standard_error":59254.53159926136},"slope":null,"std_dev":{"confidence_interval":{"confidence_level":0.95,"lower_bound":989443.567371059,"upper_bound":1562092.4214873374},"point_estimate":1301801.6115860771,"standard_error":146430.45753517246}}