{"mean":{"confidence_interval":{"confidence_level":0.95,"lower_bound":185823089.449875,"upper_bound":188407145.42412502},"point_estimate":187069699.135,"standard_error":658975.9760185711},"median":{"confidence_interval":{"confidence_level":0.95,"lower_bound":183373668.5,"upper_bound":185695191.0},"point_estimate":184802317.0,"standard_error":504359.23545696575},"median_abs_dev":{"confidence_interval":{"confidence_level":0.95,"lower_bound":2506336.738103628,"upper_bound":4901686.181171422},"point_estimate":3777546.866235137,"standard_error":587444.5654674121},"slope":null,"std_dev":{"confidence_interval":{"confidence_level":0.95,"lower_bound":5383695.505370566,"upper_bound":7577542.348957031},"point_estimate":6614719.209644988,"standard_error":559069.8891278433}}