{"mean":{"confidence_interval":{"confidence_level":0.95,"lower_bound":51949281.20525,"upper_bound":52006883.228062496},"point_estimate":51976727.6575,"standard_error":14694.040284384851},"median":{"confidence_interval":{"confidence_level":0.95,"lower_bound":51935189.0,"upper_bound":51955310.875},"point_estimate":51943794.375,"standard_error":5402.4325412585395},"median_abs_dev":{"confidence_interval":{"confidence_level":0.95,"lower_bound":45729.18849376963,"upper_bound":98402.75480300188},"point_estimate":61374.449810385704,"standard_error":14045.532970942237},"slope":null,"std_dev":{"confidence_interval":{"confidence_level":0.95,"lower_bound":108382.91346985076,"upper_bound":186001.98155467756},"point_estimate":147466.1213478227,"standard_error":20051.793837361667}}